Dress_ID,Style,Price,Rating,Size,Season,NeckLine,SleeveLength,waiseline,Material,FabricType,Decoration,Pattern Type,Recommendation
1006032852,SEXY,LOW,4.6,M,SUMMER,O-NECK,SLEEVELESS,EMPIRE,,chiffon,ruffles,animal,1
1212192089,CASUAL,LOW,0.0,L,SUMMER,O-NECK,PETAL,NATURAL,MICROFIBER,,ruffles,animal,0
1190380701,VINTAGE,HIGH,0.0,L,AUTUMN,O-NECK,FULL,NATURAL,POLYSTER,,,print,0
966005983,BRIEF,AVERAGE,4.6,L,SPRING,O-NECK,FULL,NATURAL,SILK,chiffon,embroidary,print,1
876339541,CUTE,LOW,4.5,M,SUMMER,O-NECK,BUTTERFLY,NATURAL,CHIFFONFABRIC,chiffon,bow,dot,0
1068332458,BOHEMIAN,LOW,0.0,M,SUMMER,V-NECK,SLEEVELESS,EMPIRE,,,,print,0
1220707172,CASUAL,AVERAGE,0.0,XL,SUMMER,O-NECK,FULL,,COTTON,,,solid,0
1219677488,NOVELTY,AVERAGE,0.0,FREE,AUTUMN,O-NECK,SHORT,NATURAL,POLYSTER,broadcloth,lace,,0
1113094204,FLARE,AVERAGE,0.0,FREE,SPRING,V-NECK,SHORT,EMPIRE,COTTON,broadcloth,beading,solid,1
985292672,BOHEMIAN,LOW,0.0,FREE,SUMMER,V-NECK,SLEEVELESS,NATURAL,NYLON,chiffon,,,1
1117293701,PARTY,AVERAGE,5.0,FREE,SUMMER,O-NECK,FULL,NATURAL,POLYSTER,broadcloth,lace,solid,0
898481530,FLARE,AVERAGE,0.0,FREE,SPRING,V-NECK,SHORT,,NYLON,,,animal,0
957723897,SEXY,LOW,4.7,M,WINTER,O-NECK,THREEQUARTER,,,chiffon,lace,print,1
749031896,VINTAGE,AVERAGE,4.8,M,SUMMER,O-NECK,SHORT,EMPIRE,COTTON,jersey,,animal,1
1055411544,CASUAL,LOW,5.0,M,SUMMER,BOAT-NECK,SHORT,,COTTON,,sashes,solid,0
1162628131,CASUAL,LOW,0.0,FREE,WINTER,BOAT-NECK,FULL,,OTHER,other,lace,,0
624314841,CUTE,AVERAGE,4.7,L,SPRING,O-NECK,SHORT,,COTTON,,sashes,solid,1
830467746,BOHEMIAN,MEDIUM,5.0,FREE,AUTUMN,O-NECK,FULL,NATURAL,,,hollowout,patchwork,1
840857118,BRIEF,AVERAGE,0.0,M,WINTER,PETERPAN-COLLOR,THREEQUARTER,NATURAL,COTTON,,,patchwork,0
1113221101,SEXY,AVERAGE,5.0,M,AUTUMN,O-NECK,SLEEVELESS,EMPIRE,MILKSILK,,,,1
861754372,SEXY,AVERAGE,4.5,L,AUTUMN,O-NECK,FULL,,COTTON,,beading,solid,0
856178100,CASUAL,LOW,4.3,M,SUMMER,O-NECK,SLEEVELESS,NATURAL,,chiffon,,solid,0
1122989777,BRIEF,LOW,4.0,XL,SUMMER,V-NECK,SHORT,NATURAL,COTTON,,pockets,solid,0
840516484,SEXY,AVERAGE,4.7,S,SUMMER,V-NECK,SLEEVELESS,EMPIRE,COTTON,,sequined,solid,1
768517084,SEXY,AVERAGE,0.0,FREE,AUTUMN,V-NECK,SLEEVELESS,NATURAL,POLYSTER,,lace,patchwork,0
1139843344,SEXY,AVERAGE,0.0,M,AUTUMN,O-NECK,SLEEVELESS,EMPIRE,COTTON,broadcloth,,print,0
1004212992,SEXY,AVERAGE,4.7,M,SPRING,O-NECK,SLEEVELESS,NATURAL,,,,solid,1
1235426503,CASUAL,LOW,0.0,L,SUMMER,O-NECK,SLEEVELESS,NATURAL,COTTON,jersey,,print,0
942808364,CUTE,LOW,4.3,FREE,AUTUMN,O-NECK,SLEEVELESS,NATURAL,POLYSTER,chiffon,sashes,striped,0
629131530,CUTE,LOW,4.7,M,SPRING,RUFFLED,SHORT,EMPIRE,CHIFFONFABRIC,chiffon,bow,dot,1
851945460,CASUAL,AVERAGE,4.6,L,AUTUMN,O-NECK,SLEEVELESS,EMPIRE,POLYSTER,chiffon,ruffles,solid,0
1150275464,CASUAL,LOW,0.0,M,SPRING,O-NECK,SLEEVELESS,NATURAL,SILK,chiffon,applique,solid,1
1026634314,CASUAL,AVERAGE,4.4,L,AUTUMN,O-NECK,SLEEVELESS,NATURAL,LINEN,chiffon,ruffles,animal,0
978773911,BRIEF,AVERAGE,4.3,L,SPRING,O-NECK,SLEEVELESS,EMPIRE,,,bow,solid,1
827791337,PARTY,HIGH,4.7,M,SPRING,O-NECK,THREEQUARTER,,,,,print,0
640823350,CASUAL,LOW,4.6,FREE,WINTER,BOAT-NECK,FULL,NATURAL,COTTON,,,patchwork,1
801861988,VINTAGE,AVERAGE,4.6,FREE,WINTER,O-NECK,FULL,NATURAL,,chiffon,,print,1
1060207186,BRIEF,AVERAGE,0.0,M,AUTUMN,O-NECK,SHORT,NATURAL,COTTON,,,print,0
1054679816,PARTY,AVERAGE,4.6,M,WINTER,O-NECK,SLEEVELESS,NATURAL,COTTON,,lace,solid,1
941190190,CASUAL,AVERAGE,4.5,M,SPRING,V-NECK,SHORT,EMPIRE,COTTON,,button,solid,1
943844640,BRIEF,AVERAGE,5.0,FREE,SPRING,V-NECK,SLEEVELESS,NATURAL,COTTON,broadcloth,lace,solid,1
661795386,BRIEF,LOW,4.4,L,AUTUMN,O-NECK,HALF,NATURAL,RAYON,chiffon,sashes,solid,0
875312593,CASUAL,AVERAGE,4.8,M,WINTER,O-NECK,SHORT,NATURAL,LYCRA,broadcloth,applique,patchwork,0
971387676,CASUAL,LOW,4.8,FREE,SPRING,O-NECK,SLEEVELESS,NATURAL,COTTON,,,print,0
1021185637,VINTAGE,AVERAGE,4.8,M,WINTER,O-NECK,SLEEVELESS,NATURAL,COTTON,,,patchwork,1
1163826114,SEXY,AVERAGE,0.0,M,WINTER,O-NECK,SHORT,NATURAL,,,lace,solid,0
735635595,SEXY,AVERAGE,4.8,L,SPRING,V-NECK,THREEQUARTER,EMPIRE,POLYSTER,,lace,geometric,0
1175184188,CASUAL,AVERAGE,0.0,M,SUMMER,O-NECK,HALF,NATURAL,COTTON,chiffon,ruffles,dot,1
679415939,CASUAL,LOW,4.7,M,SUMMER,O-NECK,SLEEVELESS,EMPIRE,MILKSILK,,,solid,0
884147971,CASUAL,MEDIUM,0.0,L,WINTER,BOAT-NECK,FULL,EMPIRE,,,,solid,1
841203385,SEXY,LOW,5.0,FREE,SUMMER,V-NECK,SLEEVELESS,EMPIRE,,chiffon,,animal,1
1117997056,CASUAL,LOW,4.3,FREE,SUMMER,O-NECK,SLEEVELESS,,MILKSILK,,,animal,0
1160536550,CASUAL,AVERAGE,0.0,L,SPRING,O-NECK,HALF,NATURAL,POLYSTER,chiffon,hollowout,solid,1
828623528,CASUAL,AVERAGE,4.6,FREE,AUTUMN,O-NECK,SLEEVELESS,NATURAL,POLYSTER,chiffon,sashes,solid,1
763708514,SEXY,AVERAGE,4.5,M,SPRING,O-NECK,THREEQUARTER,NATURAL,POLYSTER,,lace,geometric,0
1153442065,NOVELTY,AVERAGE,0.0,S,WINTER,TURNDOWNCOLLOR,FULL,NATURAL,COTTON,,,patchwork,0
743729613,CASUAL,AVERAGE,4.9,S,WINTER,TURNDOWNCOLLOR,FULL,NATURAL,COTTON,,,solid,1
1000493051,SEXY,LOW,4.6,L,AUTUMN,O-NECK,SLEEVELESS,NATURAL,,,lace,solid,1
911085061,BOHEMIAN,LOW,4.5,M,SUMMER,V-NECK,SLEEVELESS,NATURAL,POLYSTER,,,print,1
1174854264,WORK,AVERAGE,0.0,M,AUTUMN,SLASH-NECK,SLEEVELESS,NATURAL,POLYSTER,,bow,patchwork,0
1053296757,CUTE,HIGH,0.0,M,SPRING,V-NECK,FULL,NATURAL,RAYON,,,solid,1
1033843327,CASUAL,AVERAGE,0.0,FREE,SPRING,O-NECK,SHORT,NATURAL,COTTON,,hollowout,plaid,0
1083779666,CASUAL,AVERAGE,5.0,M,SUMMER,O-NECK,SHORT,EMPIRE,POLYSTER,chiffon,,animal,0
746255172,CASUAL,AVERAGE,4.7,M,SPRING,O-NECK,SLEEVELESS,NATURAL,,chiffon,sashes,solid,0
1100974555,SEXY,LOW,4.0,S,AUTUMN,O-NECK,SLEEVELESS,EMPIRE,COTTON,,,solid,1
1019134411,CASUAL,AVERAGE,5.0,M,AUTUMN,V-NECK,SHORT,NATURAL,COTTON,broadcloth,beading,solid,0
1072477320,CASUAL,LOW,0.0,FREE,SUMMER,V-NECK,HALF,NATURAL,SILK,broadcloth,applique,solid,0
638423913,CASUAL,MEDIUM,4.5,S,WINTER,O-NECK,FULL,NATURAL,POLYSTER,,,patchwork,1
936425780,WORK,AVERAGE,4.8,L,SUMMER,V-NECK,SHORT,NATURAL,POLYSTER,,hollowout,solid,0
1146088956,CASUAL,MEDIUM,0.0,M,AUTUMN,V-NECK,SHORT,EMPIRE,POLYSTER,,,solid,0
864253055,BOHEMIAN,AVERAGE,5.0,FREE,SUMMER,V-NECK,SLEEVELESS,NATURAL,COTTON,batik,,print,1
1210582154,SEXY,LOW,0.0,M,SPRING,V-NECK,SHORT,NATURAL,POLYSTER,satin,ruffles,solid,1
926480831,SEXY,AVERAGE,4.2,M,WINTER,V-NECK,SLEEVELESS,NATURAL,COTTON,flannael,,solid,0
757260823,CASUAL,LOW,4.8,FREE,SPRING,O-NECK,FULL,NATURAL,COTTON,worsted,lace,solid,0
630561922,CASUAL,LOW,4.4,S,AUTUMN,O-NECK,SLEEVELESS,NATURAL,POLYSTER,,,solid,0
734061929,CASUAL,LOW,4.7,L,SPRING,O-NECK,SHORT,,CHIFFONFABRIC,chiffon,bow,dot,0
842060995,CASUAL,AVERAGE,5.0,XL,WINTER,BOAT-NECK,FULL,,COTTON,,,geometric,1
1078431253,CASUAL,LOW,0.0,FREE,SPRING,V-NECK,SLEEVELESS,,COTTON,,,print,0
939770391,CASUAL,AVERAGE,0.0,FREE,SPRING,O-NECK,SLEEVELESS,NATURAL,,chiffon,,solid,0
943188872,BOHEMIAN,VERY-HIGH,4.7,FREE,WINTER,V-NECK,SLEEVELESS,,POLYSTER,,,,1
1130994272,CASUAL,LOW,5.0,M,SUMMER,V-NECK,SLEEVELESS,EMPIRE,POLYSTER,chiffon,ruffles,animal,0
907117649,PARTY,AVERAGE,4.7,M,SPRING,V-NECK,SLEEVELESS,NATURAL,POLYSTER,chiffon,hollowout,solid,0
967999477,SEXY,LOW,5.0,FREE,SPRING,O-NECK,FULL,NATURAL,COTTON,worsted,,striped,0
944656411,VINTAGE,LOW,4.6,M,SUMMER,O-NECK,SHORT,NATURAL,,chiffon,,print,0
1096779299,CASUAL,AVERAGE,0.0,FREE,WINTER,O-NECK,HALF,EMPIRE,POLYSTER,chiffon,hollowout,solid,0
1036333255,CASUAL,LOW,4.9,L,SUMMER,BOAT-NECK,SHORT,,,chiffon,,patchwork,1
1065316076,CASUAL,LOW,0.0,S,AUTUMN,O-NECK,FULL,NATURAL,,,beading,solid,1
995802744,SEXY,AVERAGE,4.0,S,AUTUMN,V-NECK,SLEEVELESS,,RAYON,chiffon,,patchwork,1
1018110870,SEXY,LOW,5.0,M,AUTUMN,O-NECK,FULL,NATURAL,,chiffon,lace,print,1
850586379,BRIEF,AVERAGE,4.6,M,WINTER,PETERPAN-COLLOR,THREEQUARTER,,COTTON,,,solid,0
1169895668,CASUAL,AVERAGE,0.0,L,SPRING,BOAT-NECK,SLEEVELESS,NATURAL,COTTON,,applique,patchwork,1
688966772,CASUAL,AVERAGE,4.8,L,WINTER,O-NECK,SHORT,NATURAL,COTTON,,pockets,solid,1
1194626925,OL,MEDIUM,0.0,M,WINTER,MANDARIN-COLLOR,HALF,NATURAL,COTTON,,sashes,solid,0
876708804,SEXY,LOW,4.8,M,SPRING,O-NECK,HALF,NATURAL,SILK,,,solid,0
1118628066,CASUAL,MEDIUM,0.0,S,SPRING,V-NECK,FULL,,,,,animal,1
1027818824,CASUAL,MEDIUM,0.0,M,SPRING,V-NECK,THREEQUARTER,NATURAL,SILK,chiffon,ruffles,solid,1
891103323,CASUAL,AVERAGE,0.0,M,SPRING,O-NECK,SLEEVELESS,NATURAL,SILK,,,print,0
1166855026,CASUAL,AVERAGE,0.0,FREE,WINTER,V-NECK,FULL,NATURAL,,chiffon,ruffles,print,0
1023850025,VINTAGE,LOW,4.8,S,SUMMER,O-NECK,SHORT,NATURAL,,chiffon,ruffles,print,0
805438829,SEXY,LOW,4.8,L,SUMMER,V-NECK,FULL,NATURAL,COTTON,jersey,applique,print,1
836788720,FASHION,AVERAGE,4.0,FREE,SUMMER,OPEN,FULL,,COTTON,,sequined,solid,0
835787654,CASUAL,AVERAGE,4.7,L,SUMMER,V-NECK,SHORT,NATURAL,,,,print,1
1148457078,CASUAL,LOW,0.0,FREE,WINTER,O-NECK,HALF,NATURAL,POLYSTER,worsted,,patchwork,1
887476609,BOHEMIAN,LOW,4.8,FREE,SUMMER,O-NECK,SHORT,,,,,animal,1
535968075,WORK,MEDIUM,4.6,L,WINTER,SQARE-COLLOR,SHORT,EMPIRE,COTTON,,Tiered,solid,0
892801580,VINTAGE,AVERAGE,4.7,L,SUMMER,O-NECK,SHORT,NATURAL,COTTON,,button,solid,0
732650169,CUTE,LOW,4.7,M,SPRING,O-NECK,SHORT,EMPIRE,POLYSTER,chiffon,ruffles,dot,1
680070369,CASUAL,LOW,4.6,FREE,AUTUMN,O-NECK,FULL,NATURAL,COTTON,,,solid,1
1002440915,CASUAL,MEDIUM,0.0,FREE,SPRING,O-NECK,SLEEVELESS,NATURAL,COTTON,broadcloth,sequined,solid,1
737538048,CASUAL,AVERAGE,4.7,L,AUTUMN,O-NECK,HALF,,,,lace,,0
1104450248,SEXY,AVERAGE,0.0,L,AUTUMN,V-NECK,SLEEVELESS,EMPIRE,,chiffon,,patchwork,0
797673346,CASUAL,LOW,4.7,FREE,WINTER,O-NECK,SLEEVELESS,NATURAL,COTTON,jersey,,solid,1
1039982741,CASUAL,AVERAGE,0.0,M,AUTUMN,O-NECK,SHORT,EMPIRE,POLYSTER,,applique,print,0
829087315,CUTE,AVERAGE,4.8,L,AUTUMN,SLASH-NECK,SLEEVELESS,NATURAL,,chiffon,hollowout,solid,0
1032990258,PARTY,AVERAGE,5.0,M,SPRING,O-NECK,HALF,NATURAL,,,,,1
939422280,CUTE,AVERAGE,4.3,L,WINTER,O-NECK,SLEEVELESS,NATURAL,,chiffon,,solid,0
974746803,CASUAL,AVERAGE,4.5,L,SPRING,O-NECK,SHORT,NATURAL,COTTON,chiffon,,patchwork,0
1018130478,CASUAL,LOW,4.7,L,AUTUMN,O-NECK,FULL,,COTTON,chiffon,lace,print,0
956758119,CASUAL,LOW,4.5,FREE,AUTUMN,V-NECK,SHORT,NATURAL,SILK,worsted,lace,solid,0
903426442,SEXY,AVERAGE,3.6,L,WINTER,V-NECK,FULL,NATURAL,POLYSTER,woolen,beading,solid,1
861626197,WORK,AVERAGE,4.8,L,WINTER,V-NECK,SHORT,NATURAL,MIX,broadcloth,lace,solid,0
1077015977,VINTAGE,AVERAGE,0.0,FREE,SUMMER,O-NECK,SLEEVELESS,,,,,,0
817870237,SEXY,LOW,4.6,FREE,SPRING,O-NECK,FULL,NATURAL,,,lace,leopard,1
1078996836,SEXY,LOW,0.0,FREE,WINTER,V-NECK,SLEEVELESS,EMPIRE,COTTON,chiffon,,solid,1
881530990,WORK,AVERAGE,4.6,L,SPRING,O-NECK,SHORT,EMPIRE,COTTON,jersey,,patchwork,0
937046375,CASUAL,AVERAGE,4.4,M,SUMMER,O-NECK,SHORT,EMPIRE,,,lace,patchwork,0
870994067,CUTE,LOW,4.9,M,AUTUMN,O-NECK,SHORT,NATURAL,CHIFFONFABRIC,chiffon,bow,dot,0
893330898,SEXY,LOW,4.6,FREE,SUMMER,V-NECK,SLEEVELESS,NATURAL,COTTON,broadcloth,beading,solid,0
822053936,PARTY,AVERAGE,4.4,FREE,AUTUMN,V-NECK,THREEQUARTER,NATURAL,,,,solid,0
1059959935,CASUAL,AVERAGE,0.0,FREE,SPRING,O-NECK,SHORT,,COTTON,,lace,,1
1197204708,CASUAL,LOW,0.0,M,SUMMER,V-NECK,FULL,NATURAL,ACRYLIC,,lace,solid,0
713439584,SEXY,AVERAGE,4.6,M,WINTER,O-NECK,FULL,NATURAL,POLYSTER,,,patchwork,1
732736124,WORK,AVERAGE,4.6,M,SPRING,V-NECK,FULL,,,chiffon,,,0
709353440,CUTE,AVERAGE,4.7,L,WINTER,O-NECK,SLEEVELESS,NATURAL,CHIFFONFABRIC,,lace,solid,0
1031230798,BOHEMIAN,AVERAGE,4.7,L,AUTUMN,O-NECK,SLEEVELESS,NATURAL,,chiffon,,solid,0
1225512606,CUTE,HIGH,0.0,M,WINTER,O-NECK,THREEQUARTER,EMPIRE,SILK,chiffon,lace,patchwork,0
1158347154,CASUAL,AVERAGE,0.0,XL,WINTER,O-NECK,SHORT,EMPIRE,POLYSTER,,button,solid,0
976975672,NOVELTY,AVERAGE,4.9,L,AUTUMN,O-NECK,SHORT,NATURAL,POLYSTER,chiffon,,print,1
520233308,CASUAL,LOW,4.7,M,AUTUMN,O-NECK,FULL,,COTTON,,,solid,0
935827969,CUTE,AVERAGE,4.3,FREE,SUMMER,BOAT-NECK,SLEEVELESS,,,,,,1
1130624045,SEXY,LOW,0.0,FREE,AUTUMN,SLASH-NECK,SHORT,EMPIRE,,,hollowout,solid,0
547555172,CUTE,LOW,4.7,XL,SUMMER,O-NECK,SHORT,EMPIRE,CHIFFONFABRIC,chiffon,bow,print,0
1083323104,SEXY,LOW,4.5,L,SPRING,O-NECK,SLEEVELESS,,,,lace,solid,0
955188745,CASUAL,AVERAGE,4.7,M,AUTUMN,O-NECK,SLEEVELESS,,COTTON,,,animal,1
1140306858,CASUAL,AVERAGE,0.0,L,SPRING,BOAT-NECK,SLEEVELESS,NATURAL,COTTON,,lace,solid,1
895807023,CUTE,LOW,4.7,FREE,SUMMER,O-NECK,SLEEVELESS,,,chiffon,,print,1
818505402,CASUAL,LOW,4.4,FREE,SUMMER,TURNDOWNCOLLOR,SLEEVELESS,NATURAL,COTTON,,,solid,0
897981100,CASUAL,AVERAGE,4.8,L,WINTER,V-NECK,SHORT,EMPIRE,POLYSTER,,ruffles,solid,0
973481686,VINTAGE,AVERAGE,4.3,FREE,WINTER,O-NECK,SHORT,,CHIFFONFABRIC,chiffon,,print,0
1021375534,CUTE,LOW,4.5,L,SUMMER,O-NECK,SLEEVELESS,NATURAL,COTTON,chiffon,sashes,solid,1
549437715,CASUAL,AVERAGE,4.4,M,SUMMER,TURNDOWNCOLLOR,SLEEVELESS,NATURAL,CHIFFONFABRIC,chiffon,,solid,0
1097548715,VINTAGE,MEDIUM,0.0,S,WINTER,TURNDOWNCOLLOR,HALF,NATURAL,COTTON,broadcloth,,plaid,0
578702321,SEXY,LOW,4.7,FREE,SUMMER,TURNDOWNCOLLOR,SLEEVELESS,NATURAL,COTTON,,,solid,1
1155548915,VINTAGE,HIGH,0.0,L,SUMMER,O-NECK,SHORT,NATURAL,COTTON,,,print,0
1199064757,CASUAL,LOW,0.0,FREE,SPRING,V-NECK,THREEQUARTER,,SILK,,lace,,1
1078994436,SEXY,AVERAGE,0.0,S,AUTUMN,SLASH-NECK,SHORT,NATURAL,,,lace,solid,0
949226757,CASUAL,LOW,0.0,FREE,SPRING,O-NECK,SHORT,NATURAL,,,hollowout,solid,0
832191944,CUTE,MEDIUM,5.0,FREE,WINTER,O-NECK,SLEEVELESS,NATURAL,SILK,,lace,solid,1
869572905,CASUAL,LOW,4.7,FREE,SUMMER,O-NECK,SLEEVELESS,,,,,print,0
896048351,SEXY,LOW,4.8,FREE,SPRING,V-NECK,SLEEVELESS,,,,sequined,solid,1
854444464,CASUAL,AVERAGE,4.5,L,WINTER,O-NECK,SHORT,NATURAL,COTTON,,bow,patchwork,0
1246749980,VINTAGE,AVERAGE,0.0,S,SPRING,O-NECK,FULL,NATURAL,MIX,chiffon,embroidary,print,0
849613634,CASUAL,AVERAGE,3.7,FREE,AUTUMN,BOAT-NECK,FULL,,,,,solid,1
1019768234,VINTAGE,AVERAGE,4.8,L,WINTER,O-NECK,SLEEVELESS,NATURAL,COTTON,,,patchwork,0
785830491,CUTE,AVERAGE,0.0,XL,SPRING,BOAT-NECK,FULL,,COTTON,worsted,applique,dot,1
832391864,CASUAL,AVERAGE,0.0,L,WINTER,OPEN,SHORT,NATURAL,MIX,poplin,applique,solid,1
1069595866,SEXY,MEDIUM,5.0,M,WINTER,O-NECK,SLEEVELESS,EMPIRE,POLYSTER,,bow,solid,0
733715437,BRIEF,AVERAGE,4.9,FREE,SUMMER,SLASH-NECK,SLEEVELESS,NATURAL,,,,solid,0
828949946,CASUAL,HIGH,4.9,S,SPRING,O-NECK,THREEQUARTER,NATURAL,,,,dot,1
765264430,BRIEF,AVERAGE,4.6,FREE,WINTER,O-NECK,FULL,NATURAL,MIX,,sashes,solid,0
722020708,CASUAL,LOW,4.5,FREE,WINTER,O-NECK,FULL,NATURAL,MIX,worsted,applique,solid,0
980295760,CASUAL,LOW,4.8,XL,SUMMER,O-NECK,SHORT,EMPIRE,MIX,chiffon,sashes,geometric,0
913978120,SEXY,MEDIUM,4.6,L,SUMMER,O-NECK,SHORT,NATURAL,SPANDEX,jersey,lace,solid,0
1062354779,CASUAL,AVERAGE,4.5,M,WINTER,V-NECK,SLEEVELESS,NATURAL,,chiffon,button,striped,0
1051749304,WORK,AVERAGE,0.0,S,AUTUMN,O-NECK,SLEEVELESS,NATURAL,LINEN,,,patchwork,0
1206128856,CASUAL,LOW,0.0,L,WINTER,O-NECK,SLEEVELESS,EMPIRE,POLYSTER,,,leopard,0
956453735,CUTE,LOW,5.0,L,WINTER,O-NECK,THREEQUARTER,NATURAL,SILK,chiffon,sashes,print,0
767971724,BRIEF,AVERAGE,4.3,M,SPRING,O-NECK,FULL,NATURAL,MIX,worsted,sequined,patchwork,1
722565148,SEXY,LOW,4.4,FREE,AUTUMN,O-NECK,FULL,EMPIRE,COTTON,,,leopard,0
1167448608,CUTE,LOW,0.0,FREE,SUMMER,PETERPAN-COLLOR,SHORT,EMPIRE,COTTON,broadcloth,applique,print,0
549159213,CASUAL,AVERAGE,4.5,FREE,SUMMER,O-NECK,SHORT,NATURAL,COTTON,,,solid,1
940918554,SEXY,LOW,4.7,M,WINTER,SLASH-NECK,SLEEVELESS,,NYLON,,sashes,solid,1
522776523,CASUAL,LOW,4.7,FREE,SPRING,O-NECK,SLEEVELESS,EMPIRE,COTTON,chiffon,,floral,0
658650071,CASUAL,MEDIUM,4.8,M,WINTER,PETERPAN-COLLOR,SHORT,NATURAL,POLYSTER,chiffon,lace,patchwork,0
560474456,SEXY,LOW,4.3,FREE,WINTER,V-NECK,SLEEVELESS,NATURAL,SILK,worsted,lace,solid,1
1150052066,BOHEMIAN,AVERAGE,0.0,L,WINTER,TURNDOWNCOLLOR,FULL,NATURAL,MIX,,,solid,0
929797706,CASUAL,LOW,0.0,FREE,,O-NECK,FULL,NATURAL,COTTON,,,patchwork,0
886351969,CUTE,MEDIUM,4.8,FREE,SPRING,SLASH-NECK,SLEEVELESS,NATURAL,POLYSTER,chiffon,sashes,solid,1
1071947910,SEXY,AVERAGE,0.0,S,AUTUMN,V-NECK,SLEEVELESS,EMPIRE,COTTON,,beading,solid,0
813753347,CASUAL,LOW,4.6,S,SPRING,O-NECK,FULL,NATURAL,COTTON,,,solid,1
733134203,VINTAGE,MEDIUM,4.7,FREE,SPRING,TURNDOWNCOLLOR,SLEEVELESS,NATURAL,MIX,,lace,solid,1
851256794,WORK,LOW,4.7,FREE,SUMMER,O-NECK,FULL,EMPIRE,COTTON,,,solid,0
751049573,CUTE,AVERAGE,4.8,M,SUMMER,O-NECK,SHORT,NATURAL,COTTON,,rivet,solid,0
882490248,CUTE,AVERAGE,0.0,M,SUMMER,O-NECK,SHORT,NATURAL,COTTON,chiffon,,print,0
541172235,CASUAL,AVERAGE,4.7,M,WINTER,O-NECK,FULL,,,,,animal,0
727676110,CASUAL,LOW,4.6,FREE,WINTER,O-NECK,FULL,NATURAL,POLYSTER,,applique,solid,1
891631697,PARTY,AVERAGE,5.0,FREE,SUMMER,V-NECK,SLEEVELESS,,,,,,0
1059306768,CASUAL,AVERAGE,0.0,FREE,SUMMER,V-NECK,SLEEVELESS,NATURAL,COTTON,chiffon,,patchwork,0
764321904,SEXY,AVERAGE,5.0,L,WINTER,O-NECK,THREEQUARTER,NATURAL,POLYSTER,,lace,geometric,0
902108125,SEXY,AVERAGE,4.8,FREE,WINTER,O-NECK,SLEEVELESS,NATURAL,POLYSTER,,embroidary,solid,0
874397327,CASUAL,AVERAGE,4.7,S,SUMMER,V-NECK,SHORT,NATURAL,COTTON,,,dot,0
861698160,CASUAL,AVERAGE,4.1,M,AUTUMN,V-NECK,FULL,,,chiffon,sashes,,1
981437831,CASUAL,AVERAGE,5.0,XL,AUTUMN,O-NECK,SHORT,NATURAL,CHIFFONFABRIC,chiffon,,,0
1036456647,SEXY,AVERAGE,5.0,M,SUMMER,V-NECK,SLEEVELESS,EMPIRE,COTTON,,sequined,solid,1
951280194,WORK,AVERAGE,4.6,L,SUMMER,SLASH-NECK,SHORT,NATURAL,COTTON,,,solid,0
1079373429,CASUAL,AVERAGE,4.5,M,SUMMER,PETERPAN-COLLOR,SLEEVELESS,,,,,,0
747381880,VINTAGE,AVERAGE,4.5,L,AUTUMN,O-NECK,SLEEVELESS,EMPIRE,,worsted,,solid,0
1099363892,CASUAL,AVERAGE,0.0,M,SUMMER,O-NECK,THREEQUARTER,NATURAL,NYLON,broadcloth,,solid,1
941333009,CUTE,AVERAGE,4.7,L,SUMMER,O-NECK,SLEEVELESS,NATURAL,COTTON,worsted,,print,0
819651586,BOHEMIAN,LOW,4.7,FREE,WINTER,O-NECK,SHORT,NATURAL,NYLON,,sashes,print,0
1043590098,CASUAL,LOW,5.0,FREE,SPRING,SLASH-NECK,SLEEVELESS,EMPIRE,SPANDEX,,,striped,1
1091666465,CASUAL,AVERAGE,5.0,M,WINTER,O-NECK,SLEEVELESS,NATURAL,,chiffon,sashes,solid,1
863336720,CASUAL,AVERAGE,4.3,FREE,SUMMER,O-NECK,SLEEVELESS,NATURAL,COTTON,worsted,,striped,0
771972560,WORK,LOW,4.5,M,WINTER,V-NECK,THREEQUARTER,,,,,patchwork,0
756492184,CASUAL,AVERAGE,4.3,S,SPRING,BOAT-NECK,FULL,NATURAL,COTTON,,lace,patchwork,1
1097157656,CASUAL,AVERAGE,4.4,L,AUTUMN,O-NECK,HALF,NATURAL,,dobby,lace,animal,0
573923366,SEXY,LOW,4.3,M,AUTUMN,OPEN,SHORT,NATURAL,LACE,,lace,print,0
756620535,CASUAL,LOW,4.6,FREE,SUMMER,O-NECK,FULL,NATURAL,COTTON,worsted,lace,solid,1
765350508,CASUAL,LOW,4.6,L,WINTER,O-NECK,FULL,,COTTON,,,,0
968294356,CASUAL,AVERAGE,4.6,M,SPRING,O-NECK,SLEEVELESS,NATURAL,,chiffon,sashes,solid,1
1017678811,CASUAL,LOW,0.0,FREE,AUTUMN,PETERPAN-COLLOR,THREEQUARTER,EMPIRE,,,,,0
933231033,CASUAL,AVERAGE,4.7,S,SPRING,O-NECK,HALF,EMPIRE,,chiffon,,,1
1199765487,CASUAL,AVERAGE,0.0,S,SUMMER,O-NECK,SLEEVELESS,EMPIRE,COTTON,,,solid,0
965817793,CASUAL,LOW,4.8,FREE,SUMMER,O-NECK,SLEEVELESS,NATURAL,COTTON,,,print,1
1074432879,CASUAL,AVERAGE,5.0,S,WINTER,O-NECK,SLEEVELESS,EMPIRE,POLYSTER,chiffon,,plaid,0
1132858821,SEXY,VERY-HIGH,0.0,FREE,WINTER,V-NECK,SLEEVELESS,NATURAL,POLYSTER,knitting,,solid,0
905732124,CASUAL,LOW,4.4,FREE,SUMMER,O-NECK,SLEEVELESS,NATURAL,POLYSTER,,sashes,print,0
711045472,CASUAL,AVERAGE,4.8,M,AUTUMN,V-NECK,SHORT,,,chiffon,embroidary,print,1
923983419,CASUAL,AVERAGE,5.0,FREE,SUMMER,V-NECK,SLEEVELESS,,MODAL,,,patchwork,0
733025646,SEXY,LOW,4.8,M,AUTUMN,V-NECK,FULL,NATURAL,COTTON,,,print,1
720099861,CASUAL,AVERAGE,4.6,FREE,WINTER,V-NECK,FULL,NATURAL,COTTON,flannel,,striped,0
923915314,CASUAL,AVERAGE,4.6,M,WINTER,V-NECK,FULL,NATURAL,CHIFFONFABRIC,chiffon,,,0
1077555214,CASUAL,LOW,5.0,S,SPRING,O-NECK,SLEEVELESS,NATURAL,CHIFFONFABRIC,,,print,0
1216538883,CUTE,AVERAGE,0.0,M,WINTER,O-NECK,SHORT,NATURAL,POLYSTER,chiffon,sashes,solid,0
531254082,CASUAL,LOW,4.8,FREE,SPRING,O-NECK,SLEEVELESS,,CHIFFONFABRIC,chiffon,,print,1
890279029,CASUAL,AVERAGE,4.6,M,AUTUMN,O-NECK,SHORT,EMPIRE,POLYSTER,,applique,dot,0
995964089,BOHEMIAN,AVERAGE,5.0,M,SPRING,SLASH-NECK,SLEEVELESS,EMPIRE,,chiffon,ruffles,solid,1
868453353,CASUAL,LOW,4.9,FREE,WINTER,O-NECK,SLEEVELESS,EMPIRE,SILK,,sashes,print,1
1024954013,CASUAL,AVERAGE,4.7,L,SUMMER,O-NECK,SLEEVELESS,NATURAL,SILK,chiffon,beading,solid,0
685606338,CASUAL,MEDIUM,4.6,M,WINTER,O-NECK,FULL,NATURAL,CASHMERE,,,solid,1
877962269,CASUAL,AVERAGE,4.7,M,WINTER,V-NECK,SLEEVELESS,EMPIRE,POLYSTER,chiffon,applique,print,0
995644296,SEXY,AVERAGE,4.7,M,WINTER,V-NECK,SLEEVELESS,NATURAL,POLYSTER,broadcloth,,patchwork,0
1066273951,CASUAL,AVERAGE,3.5,M,WINTER,V-NECK,SHORT,NATURAL,,,,solid,0
822176645,CASUAL,AVERAGE,4.8,M,WINTER,O-NECK,THREEQUARTER,NATURAL,,,,print,1
659466129,CASUAL,AVERAGE,0.0,M,WINTER,O-NECK,FULL,NATURAL,COTTON,jersey,feathers,solid,1
694493217,CASUAL,LOW,4.6,M,SUMMER,O-NECK,SLEEVELESS,NATURAL,COTTON,,sashes,striped,0
793162246,CASUAL,AVERAGE,4.7,L,SPRING,V-NECK,HALF,NATURAL,,broadcloth,,print,1
817945281,CASUAL,LOW,4.5,FREE,SUMMER,O-NECK,FULL,NATURAL,COTTON,,button,solid,0
920902282,CASUAL,AVERAGE,4.7,M,SUMMER,O-NECK,SLEEVELESS,NATURAL,POLYSTER,,,character,0
727820291,CASUAL,LOW,4.5,M,WINTER,O-NECK,SHORT,NATURAL,CHIFFONFABRIC,chiffon,,solid,0
699738864,CASUAL,LOW,4.7,S,SUMMER,O-NECK,FULL,NATURAL,COTTON,,,patchwork,0
1197211965,CUTE,LOW,0.0,FREE,SUMMER,BOAT-NECK,SLEEVELESS,,COTTON,,,print,0
682561447,PARTY,VERY-HIGH,5.0,M,SPRING,SLASH-NECK,SLEEVELESS,NATURAL,CHIFFONFABRIC,chiffon,flowers,,1
999081623,CASUAL,AVERAGE,4.9,M,AUTUMN,V-NECK,SLEEVELESS,,POLYSTER,,,,1
1108613896,PARTY,VERY-HIGH,0.0,L,WINTER,V-NECK,SLEEVELESS,NATURAL,POLYSTER,tulle,beading,,0
1054555186,PARTY,VERY-HIGH,0.0,M,WINTER,V-NECK,CAP-SLEEVES,,,chiffon,lace,,0
915238287,CASUAL,LOW,4.4,M,WINTER,V-NECK,TURNDOWNCOLLOR,,COTTON,,,,1
1107279894,PARTY,VERY-HIGH,0.0,M,SPRING,V-NECK,THREEQUARTER,NATURAL,LYCRA,sattin,applique,,1
1163040038,PARTY,HIGH,0.0,M,WINTER,SWEETHEART,SLEEVELESS,NATURAL,,,pearls,,0
1091877430,PARTY,HIGH,0.0,M,SPRING,SWEETHEART,SLEEVELESS,,NYLON,,,,0
1053467336,PARTY,AVERAGE,5.0,M,WINTER,O-NECK,CAP-SLEEVES,EMPIRE,POLYSTER,,lace,,1
609889168,PARTY,HIGH,4.7,M,WINTER,SWEETHEART,SLEEVELESS,NATURAL,,chiffon,flowers,,0
662727740,PARTY,,4.8,FREE,WINTER,O-NECK,SLEEVELESS,EMPIRE,,,embroidary,,1
1090993173,PARTY,,4.5,L,SUMMER,,FULL,,,,,,1
963684109,PARTY,VERY-HIGH,4.9,M,SPRING,SWEETHEART,SLEEVELESS,EMPIRE,,chiffon,beading,,1
619817668,PARTY,HIGH,4.6,M,WINTER,SWEETHEART,SLEEVELESS,NATURAL,,chiffon,,,0
1066740059,PARTY,AVERAGE,5.0,M,SPRING,SWEETHEART,SLEEVELESS,NATURAL,POLYSTER,,,,1
732184480,PARTY,VERY-HIGH,4.8,L,SPRING,SWEETHEART,SLEEVELESS,EMPIRE,MICROFIBER,organza,beading,,1
1044683061,PARTY,VERY-HIGH,0.0,M,WINTER,SWEETHEART,SLEEVELESS,NATURAL,POLYSTER,chiffon,beading,,1
579010251,PARTY,HIGH,4.6,L,SPRING,SLASH-NECK,SLEEVELESS,EMPIRE,SILK,chiffon,beading,,0
751364623,PARTY,AVERAGE,4.8,L,,SWEETHEART,SLEEVELESS,EMPIRE,,,pleat,,1
898316819,PARTY,MEDIUM,4.6,S,WINTER,SCOOP,SHORT,EMPIRE,,,crystal,,0
622667306,PARTY,VERY-HIGH,4.9,M,SPRING,SWEETHEART,SLEEVELESS,NATURAL,SILK,chiffon,beading,,1
809344968,PARTY,MEDIUM,4.8,S,SPRING,V-NECK,SLEEVELESS,EMPIRE,,,,,1
754138176,PARTY,VERY-HIGH,4.2,L,WINTER,V-NECK,SLEEVELESS,,,,lace,,1
674192921,CASUAL,LOW,4.4,FREE,SUMMER,O-NECK,SLEEVELESS,,,,,,1
726446177,PARTY,VERY-HIGH,4.1,M,WINTER,SCOOP,SHORT,NATURAL,COTTON,lace,applique,,1
1193747589,PARTY,VERY-HIGH,0.0,M,WINTER,O-NECK,FULL,NATURAL,,,feathers,,1
676827184,CASUAL,HIGH,4.6,M,SUMMER,SWEETHEART,SLEEVELESS,EMPIRE,,,beading,,1
619996560,PARTY,AVERAGE,4.7,FREE,WINTER,O-NECK,SLEEVELESS,,POLYSTER,,,,0
618420156,PARTY,VERY-HIGH,4.7,L,WINTER,SLASH-NECK,SLEEVELESS,EMPIRE,VISCOS,chiffon,beading,,1
689486739,PARTY,VERY-HIGH,4.5,M,SPRING,V-NECK,CAP-SLEEVES,,,,lace,,1
751364614,PARTY,AVERAGE,4.7,FREE,SPRING,SWEETHEART,SLEEVELESS,EMPIRE,RAYON,chiffon,beading,solid,1
825341937,PARTY,HIGH,4.8,M,SUMMER,SWEETHEART,SLEEVELESS,PRINCESS,,sattin,,,1
736813752,PARTY,HIGH,4.6,M,SUMMER,SLASH-NECK,SLEEVELESS,NATURAL,,chiffon,,,1
636178374,PARTY,MEDIUM,4.7,M,WINTER,O-NECK,SLEEVELESS,EMPIRE,COTTON,chiffon,button,,1
743485617,CUTE,AVERAGE,4.4,FREE,SPRING,SWEETHEART,SLEEVELESS,EMPIRE,SPANDEX,tulle,ruched,solid,1
933951149,PARTY,AVERAGE,5.0,M,SPRING,O-NECK,SLEEVELESS,,,,,,1
684561284,PARTY,VERY-HIGH,4.8,FREE,SPRING,SWEETHEART,SLEEVELESS,NATURAL,POLYSTER,chiffon,beading,,1
616295248,PARTY,MEDIUM,4.8,M,SPRING,O-NECK,SLEEVELESS,NATURAL,SILK,chiffon,crystal,,1
736076633,PARTY,VERY-HIGH,4.9,L,SPRING,SLASH-NECK,SLEEVELESS,,,chiffon,flowers,,1
1108073621,PARTY,MEDIUM,0.0,FREE,WINTER,V-NECK,SHORT,EMPIRE,,chiffon,lace,,1
1053002876,WORK,AVERAGE,5.0,FREE,WINTER,O-NECK,HALF,,MICROFIBER,,,,0
444282011,PARTY,VERY-HIGH,4.9,M,SPRING,V-NECK,SLEEVELESS,EMPIRE,,sattin,beading,,1
949336768,CASUAL,HIGH,5.0,FREE,SUMMER,V-NECK,SLEEVELESS,NATURAL,NYLON,,,,1
961972778,CASUAL,VERY-HIGH,0.0,S,SPRING,O-NECK,FULL,,,chiffon,applique,,0
893088817,CASUAL,MEDIUM,4.7,M,SPRING,O-NECK,SLEEVELESS,NATURAL,COTTON,,bow,,1
952724683,PARTY,AVERAGE,0.0,M,SPRING,V-NECK,SLEEVELESS,NATURAL,,,,,1
855037000,CASUAL,AVERAGE,4.4,FREE,SUMMER,SLASH-NECK,SLEEVELESS,EMPIRE,COTTON,,,,1
660016574,CASUAL,VERY-HIGH,4.6,M,WINTER,O-NECK,SHORT,NATURAL,,,flowers,,1
738079582,CASUAL,LOW,4.4,FREE,WINTER,HALTER,SLEEVELESS,NATURAL,,,draped,,1
861001391,PARTY,HIGH,4.5,M,WINTER,O-NECK,SLEEVELESS,,,,,,1
1099696103,CASUAL,AVERAGE,4.8,FREE,SUMMER,O-NECK,SLEEVELESS,NATURAL,,,,,0
1044288976,SEXY,AVERAGE,5.0,M,SUMMER,O-NECK,SLEEVELESS,NATURAL,POLYSTER,broadcloth,rivet,,0
890848361,VINTAGE,AVERAGE,4.9,FREE,SUMMER,O-NECK,TURNDOWNCOLLOR,EMPIRE,,,,,0
929503394,VINTAGE,AVERAGE,4.7,S,SUMMER,TURNDOWNCOLLOR,SHORT,EMPIRE,COTTON,,,,0
1015249105,WORK,AVERAGE,4.9,M,SUMMER,SQARE-COLLOR,HALF,EMPIRE,POLYSTER,sattin,sashes,,0
707537639,CASUAL,LOW,4.7,L,SPRING,O-NECK,SHORT,NATURAL,CHIFFONFABRIC,chiffon,,,0
702984554,CASUAL,AVERAGE,4.8,L,AUTUMN,O-NECK,SHORT,NATURAL,CASHMERE,,,,0
896048351,SEXY,LOW,4.7,FREE,SPRING,V-NECK,SLEEVELESS,,,,sequined,,1
1023830972,CASUAL,AVERAGE,0.0,S,WINTER,SLASH-NECK,HALF,NATURAL,NYLON,broadcloth,,,0
959052557,CASUAL,AVERAGE,4.2,S,WINTER,V-NECK,SLEEVELESS,EMPIRE,OTHER,chiffon,hollowout,patchwork,0
1246945687,NOVELTY,AVERAGE,0.0,FREE,SUMMER,O-NECK,FULL,NATURAL,COTTON,sattin,hollowout,solid,0
510519284,CASUAL,LOW,4.3,FREE,SUMMER,BACKLESS,SLEEVELESS,EMPIRE,CHIFFONFABRIC,chiffon,crystal,,0
1079958917,CASUAL,AVERAGE,3.7,M,SUMMER,BOAT-NECK,SLEEVELESS,NATURAL,LINEN,,,,0
1024325244,CASUAL,AVERAGE,5.0,FREE,WINTER,O-NECK,SLEEVELESS,NATURAL,POLYSTER,broadcloth,lace,,1
841203385,SEXY,LOW,5.0,FREE,SPRING,V-NECK,SLEEVELESS,EMPIRE,,chiffon,,,0
1104504876,CUTE,LOW,0.0,FREE,WINTER,O-NECK,SLEEVELESS,NATURAL,,chiffon,,,0
1010356223,VINTAGE,AVERAGE,4.8,M,SUMMER,V-NECK,FULL,NATURAL,RAYON,poplin,,,1
1031230798,BOHEMIAN,AVERAGE,4.8,L,WINTER,O-NECK,SLEEVELESS,NATURAL,POLYSTER,chiffon,,solid,0
908989488,BOHEMIAN,AVERAGE,0.0,FREE,SPRING,O-NECK,SLEEVELESS,NATURAL,RAYON,chiffon,,striped,1
822081627,SEXY,AVERAGE,4.5,M,SUMMER,BOWNECK,SLEEVELESS,,COTTON,chiffon,,solid,0
1116072373,NOVELTY,MEDIUM,4.2,M,WINTER,O-NECK,HALF,NATURAL,POLYSTER,chiffon,hollowout,animal,1
856139963,CASUAL,LOW,5.0,FREE,SPRING,V-NECK,FULL,NATURAL,COTTON,,,solid,1
1032982013,CASUAL,AVERAGE,5.0,L,WINTER,O-NECK,THREEQUARTER,NATURAL,POLYSTER,,applique,solid,0
879756967,CASUAL,LOW,4.8,M,WINTER,V-NECK,SLEEVELESS,NATURAL,POLYSTER,,,print,0
912614690,BOHEMIAN,LOW,5.0,FREE,SPRING,O-NECK,SHORT,NATURAL,NYLON,jersey,sashes,print,1
1072784739,CASUAL,LOW,5.0,FREE,SPRING,BOWNECK,SLEEVELESS,NATURAL,SILK,chiffon,applique,print,0
945651303,CASUAL,LOW,5.0,M,SPRING,O-NECK,SLEEVELESS,NATURAL,CHIFFONFABRIC,chiffon,,solid,1
858212832,CUTE,AVERAGE,4.3,M,SUMMER,,,NATURAL,COTTON,chiffon,,solid,0
1219677488,NOVELTY,AVERAGE,0.0,FREE,WINTER,O-NECK,SHORT,NATURAL,POLYSTER,broadcloth,lace,,1
886501087,CUTE,LOW,0.0,L,SPRING,O-NECK,SLEEVELESS,EMPIRE,,,,,1
944264938,SEXY,LOW,4.8,FREE,SPRING,SLASH-NECK,SLEEVELESS,NATURAL,COTTON,broadcloth,sequined,solid,0
918722829,SEXY,LOW,4.8,FREE,SUMMER,SLASH-NECK,SLEEVELESS,EMPIRE,SILK,,lace,solid,0
750670078,CASUAL,LOW,4.4,M,WINTER,O-NECK,SLEEVELESS,NATURAL,POLYSTER,,,solid,0
1028061165,CASUAL,AVERAGE,4.5,M,WINTER,O-NECK,SLEEVELESS,NATURAL,POLYSTER,chiffon,ruched,striped,0
699738864,CASUAL,LOW,4.7,S,SUMMER,O-NECK,FULL,NATURAL,COTTON,,,patchwork,0
905732124,CASUAL,LOW,4.4,FREE,SPRING,O-NECK,SLEEVELESS,NATURAL,POLYSTER,,sashes,print,0
961230947,WORK,AVERAGE,4.9,M,WINTER,SLASH-NECK,SHORT,NATURAL,POLYSTER,broadcloth,ruffles,solid,0
849947393,CUTE,MEDIUM,4.6,FREE,SPRING,O-NECK,SHORT,NATURAL,CHIFFONFABRIC,,hollowout,solid,1
857432541,CASUAL,LOW,4.7,FREE,SPRING,O-NECK,HALF,NATURAL,SILK,chiffon,sashes,print,0
1088674674,CASUAL,LOW,4.7,M,WINTER,O-NECK,FULL,EMPIRE,POLYSTER,chiffon,,print,1
939250541,CASUAL,AVERAGE,4.8,M,SPRING,O-NECK,SLEEVELESS,NATURAL,COTTON,chiffon,hollowout,print,0
876708804,SEXY,LOW,4.8,L,SUMMER,O-NECK,SLEEVELESS,NATURAL,COTTON,,,solid,1
1032990258,CASUAL,AVERAGE,4.3,M,SPRING,O-NECK,HALF,,,,,,1
880692544,CASUAL,AVERAGE,4.7,XL,WINTER,V-NECK,SHORT,EMPIRE,MILKSILK,,,print,0
958270190,CASUAL,LOW,0.0,L,WINTER,V-NECK,FULL,,,,,solid,0
732757918,SEXY,AVERAGE,4.7,M,AUTUMN,SLASH-NECK,SLEEVELESS,NATURAL,NYLON,,rivet,solid,0
898646576,CASUAL,LOW,4.7,FREE,WINTER,O-NECK,SLEEVELESS,NATURAL,,,,,1
950048509,CASUAL,HIGH,0.0,L,WINTER,V-NECK,FULL,,POLYSTER,,,solid,0
754316257,CASUAL,LOW,4.7,L,SUMMER,O-NECK,SLEEVELESS,NATURAL,SILK,worsted,lace,patchwork,0
598523814,CASUAL,AVERAGE,4.7,FREE,SUMMER,V-NECK,FULL,NATURAL,COTTON,,sashes,solid,0
774130360,CASUAL,AVERAGE,0.0,FREE,WINTER,V-NECK,FULL,,CASHMERE,,,solid,1
555727400,CASUAL,LOW,4.7,FREE,SUMMER,O-NECK,CAP-SLEEVES,NATURAL,CHIFFONFABRIC,chiffon,,print,1
537463111,CASUAL,AVERAGE,4.7,M,SUMMER,O-NECK,THREEQUARTER,,CHIFFONFABRIC,chiffon,ruched,solid,0
933864550,SEXY,LOW,4.5,FREE,SUMMER,SLASH-NECK,SLEEVELESS,,POLYSTER,Corduroy,,,0
944930838,VINTAGE,LOW,4.0,FREE,SUMMER,TURNDOWNCOLLOR,SHORT,NATURAL,COTTON,wollen,hollowout,solid,0
901346821,SEXY,LOW,4.7,FREE,SUMMER,V-NECK,SLEEVELESS,,,,,,0
818295153,BOHEMIAN,LOW,5.0,FREE,SUMMER,O-NECK,SLEEVELESS,EMPIRE,COTTON,broadcloth,tassel,print,1
733134203,CASUAL,LOW,4.7,S,WINTER,O-NECK,SLEEVELESS,NATURAL,KNITTING,,lace,solid,0
943414146,SEXY,AVERAGE,4.5,S,WINTER,V-NECK,SLEEVELESS,,POLYSTER,,,,0
709353440,CUTE,AVERAGE,4.7,M,SUMMER,O-NECK,SLEEVELESS,NATURAL,CHIFFONFABRIC,,sashes,splice,0
1190383536,VINTAGE,LOW,0.0,FREE,SUMMER,O-NECK,SLEEVELESS,NATURAL,COTTON,batik,,print,1
869138763,CASUAL,AVERAGE,4.1,L,WINTER,O-NECK,SLEEVELESS,NATURAL,POLYSTER,,,,1
977173764,CASUAL,AVERAGE,4.2,M,WINTER,V-NECK,FULL,EMPIRE,POLYSTER,,lace,patchwork,1
918331326,BRIEF,AVERAGE,4.8,FREE,WINTER,V-NECK,HALF,NATURAL,POLYSTER,broadcloth,,solid,0
733715437,BRIEF,AVERAGE,4.9,FREE,WINTER,O-NECK,SLEEVELESS,NATURAL,,,,solid,0
955679920,SEXY,AVERAGE,4.8,S,WINTER,V-NECK,SLEEVELESS,EMPIRE,POLYSTER,chiffon,lace,solid,0
862814652,CASUAL,AVERAGE,4.7,L,WINTER,O-NECK,SLEEVELESS,NATURAL,POLYSTER,chiffon,,patchwork,0
799301728,VINTAGE,AVERAGE,4.7,M,SUMMER,V-NECK,SHORT,NATURAL,RAYON,,beading,print,0
1039384371,CASUAL,AVERAGE,4.8,FREE,SUMMER,O-NECK,SLEEVELESS,NATURAL,COTTON,chiffon,sashes,solid,0
746518490,SEXY,LOW,4.7,M,WINTER,V-NECK,SLEEVELESS,NATURAL,POLYSTER,,,striped,0
720665176,CASUAL,AVERAGE,5.0,S,SPRING,TURNDOWNCOLLOR,FULL,EMPIRE,COTTON,worsted,,solid,0
1001750851,CASUAL,LOW,1.0,M,SPRING,O-NECK,HALF,,,chiffon,,,0
882975367,SEXY,AVERAGE,4.1,FREE,SUMMER,V-NECK,SLEEVELESS,NATURAL,COTTON,,lace,,1
1069577979,CASUAL,LOW,4.0,FREE,SUMMER,V-NECK,SLEEVELESS,NATURAL,COTTON,broadcloth,hollowout,print,0
1079373429,WORK,AVERAGE,4.7,M,SPRING,V-NECK,SLEEVELESS,,,,,,1
711704151,CUTE,AVERAGE,4.6,FREE,SPRING,V-NECK,FULL,NATURAL,COTTON,chiffon,,solid,1
876761815,CASUAL,LOW,5.0,M,SPRING,O-NECK,SLEEVELESS,NATURAL,SPANDEX,jersey,,print,0
1062354779,CASUAL,AVERAGE,4.7,M,AUTUMN,V-NECK,SLEEVELESS,NATURAL,,chiffon,,striped,1
727676110,CASUAL,LOW,4.6,FREE,WINTER,O-NECK,FULL,NATURAL,POLYSTER,,applique,solid,0
845853510,CASUAL,AVERAGE,4.5,L,SUMMER,O-NECK,SHORT,NATURAL,COTTON,jersey,pockets,solid,0
832090686,CUTE,AVERAGE,4.6,M,AUTUMN,O-NECK,THREEQUARTER,NATURAL,SILK,chiffon,sashes,print,0
839305476,CASUAL,LOW,4.6,FREE,AUTUMN,O-NECK,HALF,NATURAL,CHIFFONFABRIC,chiffon,,leapord,1
855418066,CASUAL,LOW,4.7,L,SUMMER,,SLEEVELESS,,COTTON,,,solid,1
1211480431,SEXY,LOW,0.0,L,SUMMER,O-NECK,SLEEVELESS,EMPIRE,SILL,,,striped,0
946741571,BOHEMIAN,AVERAGE,4.0,FREE,WINTER,O-NECK,SLEEVELESS,NATURAL,POLYSTER,chiffon,ruffles,striped,0
724177834,CASUAL,LOW,4.7,FREE,SUMMER,O-NECK,FULL,NATURAL,COTTON,,,solid,1
975877364,WORK,AVERAGE,0.0,M,SUMMER,V-NECK,SLEEVELESS,NATURAL,COTTON,worsted,,solid,1
851697194,BOHEMIAN,AVERAGE,4.1,FREE,SUMMER,O-NECK,THREEQUARTER,,,,hollowout,,0
1108356000,CASUAL,AVERAGE,0.0,M,SPRING,O-NECK,HALF,NATURAL,,,lace,,0
871219565,BRIEF,LOW,4.6,M,SUMMER,O-NECK,SHORT,NATURAL,COTTON,,,animal,0
1250787559,CUTE,LOW,0.0,FREE,SPRING,V-NECK,SLEEVELESS,EMPIRE,CHIFFONFABRIC,chiffon,,,1
942245416,CASUAL,AVERAGE,5.0,M,SPRING,O-NECK,THREEQUARTER,,SPANDEX,,,,0
900108476,CASUAL,LOW,5.0,FREE,WINTER,O-NECK,FULL,NATURAL,WOOL,,applique,solid,0
1019672746,VINTAGE,AVERAGE,4.5,L,WINTER,O-NECK,SHORT,EMPIRE,,,sequined,patchwork,1
783980024,CASUAL,AVERAGE,4.5,FREE,SUMMER,O-NECK,SHORT,NATURAL,POLYSTER,,,solid,0
970655043,BOHEMIAN,LOW,4.4,L,SUMMER,BOWNECK,SHORT,NATURAL,COTTON,,,dot,0
1139064593,CASUAL,HIGH,0.0,L,WINTER,V-NECK,THREEQUARTER,NATURAL,POLYSTER,,ruffles,solid,1
939389270,CASUAL,AVERAGE,4.8,FREE,WINTER,O-NECK,SLEEVELESS,,POLYSTER,,sashes,solid,0
859321875,BRIEF,LOW,4.7,M,WINTER,O-NECK,FULL,NATURAL,COTTON,,,patchwork,0
703395323,CASUAL,MEDIUM,0.0,FREE,WINTER,BOWNECK,FULL,,CASHMERE,knitted,,solid,1
1083779666,CASUAL,AVERAGE,4.7,M,WINTER,O-NECK,SHORT,EMPIRE,POLYSTER,shiffon,,animal,0
966030991,PARTY,AVERAGE,0.0,M,SUMMER,O-NECK,FULL,NATURAL,COTTON,,,patchwork,1
866405822,BOHEMIAN,AVERAGE,4.8,S,SUMMER,V-NECK,SHORT,NATURAL,COTTON,,,solid,0
941564304,SEXY,AVERAGE,4.9,FREE,SUMMER,SQARE-COLLOR,SLEEVELESS,NATURAL,POLYSTER,,sashes,print,0
1119360745,CASUAL,AVERAGE,3.0,M,SPRING,TURNDOWNCOLLOR,SHORT,EMPIRE,POLYSTER,,sashes,patchwork,0
932375745,CASUAL,LOW,4.7,L,AUTUMN,O-NECK,SHORT,NATURAL,POLYSTER,shiffon,,patchwork,1
789373177,CASUAL,AVERAGE,4.3,M,AUTUMN,O-NECK,SLEEVELESS,NATURAL,POLYSTER,,plain,solid,0
1135456589,CASUAL,AVERAGE,0.0,XL,WINTER,V-NECK,SHORT,EMPIRE,POLYSTER,shiffon,pockets,solid,1
932913675,CASUAL,LOW,5.0,FREE,SUMMER,O-NECK,SLEEVELESS,NATURAL,MODEL,jersey,plain,solid,1
1217548862,VINTAGE,AVERAGE,0.0,L,SUMMER,SQARE-COLLOR,SHORT,EMPIRE,COTTON,chiffon,,dot,1
755078866,CASUAL,LOW,4.7,FREE,WINTER,O-NECK,SLEEVELESS,NATURAL,MILKSILK,,,animal,0
1052420390,VINTAGE,AVERAGE,5.0,M,SUMMER,V-NECK,THREEQUARTER,NATURAL,POLYSTER,,,print,0
924108301,CASUAL,LOW,4.7,L,SUMMER,O-NECK,FULL,NATURAL,MIX,worsted,lace,patchwork,1
675980168,BOHEMIAN,AVERAGE,4.6,M,SPRING,O-NECK,SLEEVELESS,NATURAL,SHIFFON,shiffon,sashes,solid,0
730603782,PARTY,AVERAGE,4.8,M,SUMMER,O-NECK,FULL,,COTTON,,,solid,1
934830377,BOHEMIAN,LOW,4.6,FREE,SUMMER,V-NECK,SLEEVELESS,NATURAL,COTTON,broadcloth,beading,solid,0
689406468,PARTY,VERY-HIGH,4.6,FREE,SUMMER,O-NECK,SLEEVELESS,EMPIRE,RAYON,,hollowout,solid,0
870994067,CUTE,LOW,4.8,M,SPRING,O-NECK,SHORT,NATURAL,SHIFFON,shiffon,bow,dot,1
1016250560,VINTAGE,AVERAGE,0.0,M,SPRING,O-NECK,HALF,EMPIRE,POLYSTER,,lace,animal,0
860334943,CASUAL,MEDIUM,4.9,L,WINTER,O-NECK,SHORT,NATURAL,COTTON,broadcloth,sashes,solid,0
863336720,CASUAL,AVERAGE,4.2,FREE,SUMMER,O-NECK,SLEEVELESS,NATURAL,COTTON,worsted,,striped,1
835915937,CASUAL,AVERAGE,4.9,M,SUMMER,O-NECK,SHORT,DROPPED,COTTON,,ruffles,patchwork,0
944641715,BOHEMIAN,LOW,5.0,XL,SPRING,V-NECK,THREEQUARTER,NATURAL,,shiffon,,print,1
869395176,CASUAL,AVERAGE,4.7,M,SUMMER,O-NECK,SLEEVELESS,,COTTON,,,dot,0
1097435333,CASUAL,AVERAGE,0.0,FREE,SUMMER,BOWNECK,HALF,,COTTON,,,,0
1124120907,CASUAL,AVERAGE,0.0,FREE,SUMMER,O-NECK,SLEEVELESS,NATURAL,COTTON,,lace,floral,0
1130463523,SEXY,MEDIUM,0.0,FREE,WINTER,O-NECK,SLEEVELESS,NATURAL,POLYSTER,,sequined,solid,0
560474456,SEXY,LOW,4.4,FREE,AUTUMN,V-NECK,SLEEVELESS,NATURAL,COTTON,worsted,lace,solid,0
907669618,SEXY,AVERAGE,0.0,FREE,SPRING,V-NECK,FULL,NATURAL,COTTON,wollen,lace,solid,1
710089916,BRIEF,AVERAGE,4.9,XL,SPRING,SLASH-NECK,FULL,NATURAL,,,sashes,solid,0
793162246,CASUAL,AVERAGE,4.7,XL,SUMMER,V-NECK,HALF,NATURAL,,broadcloth,,print,1
1065317917,CASUAL,AVERAGE,0.0,FREE,AUTUMN,V-NECK,FULL,NATURAL,COTTON,,lace,solid,0
737461130,CASUAL,AVERAGE,4.8,M,SUMMER,V-NECK,FULL,NATURAL,,shiffon,,,0
663993130,CASUAL,MEDIUM,4.9,L,SPRING,SQARE-COLLOR,SLEEVELESS,EMPIRE,,,,print,0
933231033,PARTY,AVERAGE,4.7,M,SPRING,O-NECK,HALF,EMPIRE,,shiffon,,patchwork,0
743417270,SEXY,LOW,4.4,FREE,SUMMER,BOWNECK,SLEEVELESS,NATURAL,VISCOS,,bow,solid,0
798898277,BOHEMIAN,LOW,4.6,FREE,WINTER,O-NECK,SLEEVELESS,EMPIRE,POLYSTER,,,patchwork,1
549401113,CASUAL,LOW,4.6,FREE,AUTUMN,O-NECK,FULL,NATURAL,RAYON,,lace,solid,1
857189807,SEXY,LOW,4.5,FREE,SUMMER,O-NECK,SLEEVELESS,EMPIRE,COTTON,,sashes,solid,1
1055149353,SEXY,LOW,0.0,FREE,WINTER,V-NECK,,DROPPED,COTTON,,lace,,1
1199912555,CASUAL,AVERAGE,0.0,XL,SPRING,BOWNECK,SLEEVELESS,NATURAL,MIX,,lace,solid,0
1249825438,SEXY,AVERAGE,0.0,FREE,AUTUMN,O-NECK,FULL,NATURAL,POLYSTER,sattin,hollowout,solid,0
967191118,SEXY,LOW,4.8,FREE,SPRING,V-NECK,SLEEVELESS,NATURAL,,,,striped,1
871620435,BRIEF,LOW,4.7,FREE,AUTUMN,O-NECK,SLEEVELESS,NATURAL,,shiffon,sequined,solid,0
865490824,SEXY,HIGH,5.0,M,SUMMER,V-NECK,SLEEVELESS,NATURAL,MIX,,,striped,0
1079955163,CASUAL,AVERAGE,4.6,L,SUMMER,BOWNECK,FULL,DROPPED,COTTON,,,patchwork,0
600514129,CUTE,MEDIUM,4.9,S,SUMMER,BOWNECK,SLEEVELESS,EMPIRE,,,bow,patchwork,1
976975672,NOVELTY,AVERAGE,4.9,M,AUTUMN,O-NECK,SHORT,NATURAL,POLYSTER,chiffon,none,print,0
720087997,CASUAL,LOW,4.3,FREE,SPRING,O-NECK,FULL,,,chiffon,sashes,none,1
699651184,CASUAL,LOW,4.7,S,AUTUMN,O-NECK,SLEEVELESS,NATURAL,COTTON,,,solid,0
605122868,CASUAL,AVERAGE,4.8,L,AUTUMN,BOAT-NECK,SLEEVELESS,NATURAL,,,sashes,solid,0
1000425584,CUTE,AVERAGE,4.5,L,WINTER,V-NECK,SLEEVELESS,NATURAL,POLYSTER,jersey,sashes,solid,1
549159213,CASUAL,AVERAGE,4.4,FREE,SUMMER,O-NECK,CAP-SLEEVES,NATURAL,COTTON,,,solid,0
898316315,PARTY,AVERAGE,0.0,M,SPRING,O-NECK,SLEEVELESS,,,chiffon,,solid,1
1017484769,SEXY,LOW,0.0,FREE,SUMMER,V-NECK,SLEEVELESS,DROPPED,,,,,1
733025646,CASUAL,LOW,4.8,L,SUMMER,V-NECK,THREEQUARTER,NATURAL,COTTON,,,print,0
909624960,WORK,AVERAGE,5.0,M,SUMMER,O-NECK,SLEEVELESS,NATURAL,,,,solid,1
1086459983,NOVELTY,AVERAGE,5.0,FREE,SUMMER,O-NECK,SLEEVELESS,NATURAL,,,,print,0
593007494,CASUAL,LOW,4.6,FREE,SPRING,V-NECK,SLEEVELESS,NATURAL,SILK,chiffon,draped,solid,0
660179663,CASUAL,AVERAGE,4.5,M,SUMMER,O-NECK,FULL,NATURAL,COTTON,,lace,solid,0
1097157656,CASUAL,AVERAGE,4.5,L,SPRING,BOAT-NECK,THREEQUARTER,NATURAL,,dobby,lace,animal,1
751776863,CASUAL,AVERAGE,4.5,FREE,AUTUMN,O-NECK,HALF,NATURAL,COTTON,chiffon,hollowout,solid,1
1253973206,CUTE,LOW,0.0,M,SUMMER,BOAT-NECK,SHORT,,,chiffon,sashes,,0
828790972,PARTY,AVERAGE,4.9,M,WINTER,O-NECK,HALF,,COTTON,,lace,,1
933413410,CASUAL,AVERAGE,4.8,M,SUMMER,O-NECK,HALF,,,,,,0
550959163,CASUAL,LOW,4.4,L,SUMMER,O-NECK,SLEEVELESS,NATURAL,COTTON,chiffon,,solid,0
933926000,CASUAL,AVERAGE,4.3,M,WINTER,SLASH-NECK,SLEEVELESS,NATURAL,POLYSTER,,sashes,solid,0
953168456,CUTE,AVERAGE,4.7,L,SUMMER,O-NECK,SLEEVELESS,NATURAL,POLYSTER,broadcloth,lace,solid,0
1124754999,SEXY,AVERAGE,0.0,S,SUMMER,V-NECK,SLEEVELESS,,,,,,1
832949213,CASUAL,LOW,4.4,FREE,SUMMER,O-NECK,SLEEVELESS,,,,,animal,0
801216472,CUTE,HIGH,4.3,M,SPRING,BOAT-NECK,FULL,NATURAL,POLYSTER,terry,lace,solid,1
929898500,WORK,AVERAGE,4.8,M,WINTER,TURNDOWNCOLLOR,FULL,NATURAL,,,,solid,0
850490510,CASUAL,AVERAGE,4.6,M,SPRING,O-NECK,HALF,NATURAL,POLYSTER,,lace,solid,0
1099394392,SEXY,LOW,0.0,FREE,SUMMER,V-NECK,SLEEVELESS,EMPIRE,COTTON,,,solid,0
674885710,CASUAL,HIGH,4.9,XL,WINTER,V-NECK,FULL,EMPIRE,COTTON,,sequined,solid,0
1122991519,SEXY,LOW,0.0,FREE,WINTER,O-NECK,SLEEVELESS,NATURAL,LYCRA,chiffon,hollowout,solid,0
904781800,CUTE,AVERAGE,5.0,M,AUTUMN,V-NECK,SLEEVELESS,NATURAL,COTTON,,,solid,0
974438263,CUTE,LOW,0.0,FREE,SPRING,V-NECK,SLEEVELESS,NATURAL,SILK,worsted,lace,patchwork,1
875608094,CASUAL,LOW,4.4,FREE,SUMMER,O-NECK,FULL,NATURAL,COTTON,,pockets,solid,0
1061890181,CASUAL,AVERAGE,0.0,L,SPRING,O-NECK,SLEEVELESS,NATURAL,CHIFFONFABRIC,chiffon,sequined,solid,0
1033144189,CUTE,AVERAGE,4.7,M,SPRING,O-NECK,FULL,NATURAL,RAYON,chiffon,beading,solid,1
860406062,CASUAL,AVERAGE,4.6,M,WINTER,V-NECK,HALF,NATURAL,SILK,chiffon,sashes,solid,1
692445545,CASUAL,LOW,4.4,FREE,SUMMER,O-NECK,FULL,NATURAL,COTTON,,,solid,1
974775647,CASUAL,LOW,5.0,M,AUTUMN,O-NECK,SLEEVELESS,EMPIRE,,chiffon,,print,1
1109819647,CASUAL,AVERAGE,0.0,FREE,WINTER,O-NECK,SHORT,NATURAL,POLYSTER,chiffon,cascading,solid,0
1223469038,SEXY,AVERAGE,0.0,FREE,WINTER,SLASH-NECK,SLEEVELESS,NATURAL,COTTON,broadcloth,sequined,solid,1
511503677,CASUAL,LOW,4.4,M,SUMMER,O-NECK,HALF,EMPIRE,CHIFFONFABRIC,chiffon,bow,solid,0
1190558632,CUTE,AVERAGE,0.0,L,SUMMER,O-NECK,SLEEVELESS,EMPIRE,COTTON,,lace,solid,1
641665398,CASUAL,LOW,4.8,FREE,WINTER,BOWNECK,FULL,NATURAL,POLYSTER,chiffon,bow,solid,0
964917582,CASUAL,AVERAGE,5.0,L,SUMMER,O-NECK,SLEEVELESS,NATURAL,COTTON,,,,1
859922576,CUTE,AVERAGE,4.6,M,SPRING,O-NECK,HALF,NATURAL,ACRYLIC,chiffon,,,0
817353671,BOHEMIAN,LOW,4.6,FREE,SUMMER,O-NECK,SLEEVELESS,NATURAL,COTTON,chiffon,none,solid,1
990559192,BRIEF,AVERAGE,4.7,M,WINTER,O-NECK,HALF,NATURAL,ACRYLIC,chiffon,,striped,0
713391965,CASUAL,LOW,4.7,M,SPRING,O-NECK,FULL,NATURAL,POLYSTER,,,solid,1
722565148,SEXY,LOW,4.3,FREE,SUMMER,O-NECK,FULL,EMPIRE,COTTON,,,,0
532874347,CASUAL,AVERAGE,4.7,M,SUMMER,V-NECK,FULL,EMPIRE,COTTON,,lace,solid,1
655464934,CASUAL,AVERAGE,4.6,L,WINTER,BOAT-NECK,SLEEVELESS,EMPIRE,SILK,broadcloth,applique,print,1
919930954,CASUAL,LOW,4.4,FREE,SUMMER,V-NECK,SHORT,EMPIRE,COTTON,Corduroy,lace,solid,0
